{"_class":"document","do_objectID":"F0D56998-6C39-4B87-B118-B684E7487EFD","assets":{"_class":"assetCollection","colorAssets":[],"gradientAssets":[],"imageCollection":{"_class":"imageCollection","images":{}},"images":[],"colors":[],"gradients":[]},"colorSpace":0,"currentPageIndex":0,"foreignLayerStyles":[],"foreignSymbols":[{"_class":"MSImmutableForeignSymbol","libraryID":"CE7CDDC3-5D9B-4D5A-A14D-EB10535D3919","sourceLibraryName":"Feed_DesignSystem","symbolPrivate":false,"originalMaster":{"_class":"symbolMaster","do_objectID":"BAE39917-EF6C-40BF-B4A7-9B8F463D3847","booleanOperation":-1,"exportOptions":{"_class":"exportOptions","exportFormats":[],"includedLayerIds":[],"layerOptions":0,"shouldTrim":false},"frame":{"_class":"rect","constrainProportions":false,"height":30,"width":204,"x":-105,"y":-578},"isFixedToViewport":false,"isFlippedHorizontal":false,"isFlippedVertical":false,"isLocked":false,"isVisible":true,"layerListExpandedType":0,"name":"User\/Profile Icon\/Dark","nameIsFixed":false,"resizingConstraint":63,"resizingType":0,"rotation":0,"shouldBreakMaskChain":true,"userInfo":{"com.animaapp.stc-sketch-plugin":{"kModelPropertiesKey":{}}},"clippingMaskMode":0,"hasClippingMask":false,"style":{"_class":"style","endMarkerType":0,"miterLimit":10,"startMarkerType":0,"windingRule":1},"groupLayout":{"_class":"MSImmutableFreeformGroupLayout"},"hasClickThrough":true,"layers":[{"_class":"group","do_objectID":"4C530E4D-9E5C-4B6E-A3C3-1B2735E242C8","booleanOperation":0,"exportOptions":{"_class":"exportOptions","exportFormats":[],"includedLayerIds":[],"layerOptions":0,"shouldTrim":false},"frame":{"_class":"rect","constrainProportions":false,"height":30,"width":121,"x":0,"y":0},"isFixedToViewport":false,"isFlippedHorizontal":false,"isFlippedVertical":false,"isLocked":false,"isVisible":true,"layerListExpandedType":2,"name":"Group 2","nameIsFixed":false,"originalObjectID":"C58676F9-1D2F-46C6-A36B-188B34181AFF","resizingConstraint":63,"resizingType":0,"rotation":0,"shouldBreakMaskChain":false,"userInfo":{"com.animaapp.stc-sketch-plugin":{"kModelPropertiesKey":{}}},"clippingMaskMode":0,"hasClippingMask":false,"style":{"_class":"style","endMarkerType":0,"miterLimit":10,"startMarkerType":0,"windingRule":1},"groupLayout":{"_class":"MSImmutableFreeformGroupLayout"},"hasClickThrough":false,"layers":[{"_class":"text","do_objectID":"B697F10E-7A0E-41A5-9614-834CC7A44D69","booleanOperation":0,"exportOptions":{"_class":"exportOptions","exportFormats":[],"includedLayerIds":[],"layerOptions":0,"shouldTrim":false},"frame":{"_class":"rect","constrainProportions":false,"height":13,"width":55,"x":40,"y":0},"isFixedToViewport":false,"isFlippedHorizontal":false,"isFlippedVertical":false,"isLocked":false,"isVisible":true,"layerListExpandedType":0,"name":"@handle","nameIsFixed":false,"originalObjectID":"78F05789-F2F4-42D1-9682-A524C420F2DF","resizingConstraint":47,"resizingType":0,"rotation":0,"shouldBreakMaskChain":false,"userInfo":{"com.animaapp.stc-sketch-plugin":{"kModelPropertiesKey":{"isAutoWidth":1}}},"clippingMaskMode":0,"hasClippingMask":false,"style":{"_class":"style","endMarkerType":0,"miterLimit":10,"startMarkerType":0,"textStyle":{"_class":"textStyle","encodedAttributes":{"MSAttributedStringFontAttribute":{"_class":"fontDescriptor","attributes":{"name":"MarkOT-Bold","size":13}},"paragraphStyle":{"_class":"paragraphStyle","alignment":0,"maximumLineHeight":13,"minimumLineHeight":13,"allowsDefaultTighteningForTruncation":0},"MSAttributedStringColorAttribute":{"_class":"color","alpha":1,"blue":0,"green":0,"red":0},"kerning":0},"verticalAlignment":0},"windingRule":1},"attributedString":{"_class":"attributedString","string":"@handle","attributes":[{"_class":"stringAttribute","location":0,"length":7,"attributes":{"MSAttributedStringFontAttribute":{"_class":"fontDescriptor","attributes":{"name":"MarkOT-Bold","size":13}},"MSAttributedStringColorAttribute":{"_class":"color","alpha":1,"blue":0,"green":0,"red":0},"paragraphStyle":{"_class":"paragraphStyle","alignment":0,"maximumLineHeight":13,"minimumLineHeight":13,"allowsDefaultTighteningForTruncation":0},"kerning":0}}]},"automaticallyDrawOnUnderlyingPath":false,"dontSynchroniseWithSymbol":false,"glyphBounds":"{{0, 1}, {55, 13}}","lineSpacingBehaviour":2,"textBehaviour":0},{"_class":"text","do_objectID":"9C830A91-5F94-46A6-B331-B3D6B1955589","booleanOperation":0,"exportOptions":{"_class":"exportOptions","exportFormats":[],"includedLayerIds":[],"layerOptions":0,"shouldTrim":false},"frame":{"_class":"rect","constrainProportions":false,"height":13,"width":81,"x":40,"y":17},"isFixedToViewport":false,"isFlippedHorizontal":false,"isFlippedVertical":false,"isLocked":false,"isVisible":true,"layerListExpandedType":0,"name":"User’s Name","nameIsFixed":false,"originalObjectID":"78F05789-F2F4-42D1-9682-A524C420F2DF","resizingConstraint":47,"resizingType":0,"rotation":0,"shouldBreakMaskChain":false,"userInfo":{"com.animaapp.stc-sketch-plugin":{"kModelPropertiesKey":{"isAutoWidth":1}}},"clippingMaskMode":0,"hasClippingMask":false,"style":{"_class":"style","endMarkerType":0,"miterLimit":10,"startMarkerType":0,"textStyle":{"_class":"textStyle","encodedAttributes":{"MSAttributedStringFontAttribute":{"_class":"fontDescriptor","attributes":{"name":"MarkOT-Medium","size":13}},"paragraphStyle":{"_class":"paragraphStyle","alignment":0,"maximumLineHeight":13,"minimumLineHeight":13,"allowsDefaultTighteningForTruncation":0},"MSAttributedStringColorAttribute":{"_class":"color","alpha":1,"blue":0.5764705882352941,"green":0.5568627450980392,"red":0.5568627450980392},"kerning":0},"verticalAlignment":0},"windingRule":1},"attributedString":{"_class":"attributedString","string":"User’s Name","attributes":[{"_class":"stringAttribute","location":0,"length":11,"attributes":{"MSAttributedStringFontAttribute":{"_class":"fontDescriptor","attributes":{"name":"MarkOT-Medium","size":13}},"MSAttributedStringColorAttribute":{"_class":"color","alpha":1,"blue":0.5764705882352941,"green":0.5568627450980392,"red":0.5568627450980392},"paragraphStyle":{"_class":"paragraphStyle","alignment":0,"maximumLineHeight":13,"minimumLineHeight":13,"allowsDefaultTighteningForTruncation":0},"kerning":0}}]},"automaticallyDrawOnUnderlyingPath":false,"dontSynchroniseWithSymbol":false,"glyphBounds":"{{1, 1}, {80, 11}}","lineSpacingBehaviour":2,"textBehaviour":0},{"_class":"group","do_objectID":"B8417F12-AC89-46C4-B8F1-52F9615B70FC","booleanOperation":0,"exportOptions":{"_class":"exportOptions","exportFormats":[],"includedLayerIds":[],"layerOptions":0,"shouldTrim":false},"frame":{"_class":"rect","constrainProportions":true,"height":30,"width":30,"x":0,"y":0},"isFixedToViewport":false,"isFlippedHorizontal":false,"isFlippedVertical":false,"isLocked":false,"isVisible":true,"layerListExpandedType":2,"name":"Userpic","nameIsFixed":true,"originalObjectID":"56E1D2DE-AF86-42D6-9AEA-3ED97EF20D00","resizingConstraint":63,"resizingType":0,"rotation":0,"shouldBreakMaskChain":false,"userInfo":{"com.animaapp.stc-sketch-plugin":{"kModelPropertiesKey":{"constraints":{"scaleFactor":1,"model_version":0.1,"aspectRatio":{"model_class":"ADModelConstraint","model_version":0.1,"enabled":1,"constant":30,"multiplier":30,"modelID":"constraint_704a0674-5594-4f02-879f-34f92b871335"},"modelID":"viewConstraints_bfa3367b-c0f5-42d3-b145-79fe6cafed71","model_class":"ADModelViewConstraints","automatic":1}}}},"clippingMaskMode":0,"hasClippingMask":false,"style":{"_class":"style","endMarkerType":0,"miterLimit":10,"startMarkerType":0,"windingRule":1},"groupLayout":{"_class":"MSImmutableFreeformGroupLayout"},"hasClickThrough":false,"layers":[{"_class":"oval","do_objectID":"A455101B-9062-42CC-A431-D859CE585281","booleanOperation":-1,"exportOptions":{"_class":"exportOptions","exportFormats":[],"includedLayerIds":[],"layerOptions":0,"shouldTrim":false},"frame":{"_class":"rect","constrainProportions":true,"height":30,"width":30,"x":0,"y":0},"isFixedToViewport":false,"isFlippedHorizontal":false,"isFlippedVertical":false,"isLocked":false,"isVisible":true,"layerListExpandedType":0,"name":"Mask","nameIsFixed":false,"resizingConstraint":63,"resizingType":0,"rotation":0,"shouldBreakMaskChain":false,"userInfo":{"com.animaapp.stc-sketch-plugin":{"kModelPropertiesKey":{"constraints":{"scaleFactor":1,"model_version":0.1,"aspectRatio":{"model_class":"ADModelConstraint","model_version":0.1,"enabled":1,"constant":30,"multiplier":30,"modelID":"constraint_9d48555f-27d0-469b-b653-f43d8b963e59"},"modelID":"viewConstraints_64da2669-b5b4-4137-861b-c48af136fc87","model_class":"ADModelViewConstraints","automatic":1}}}},"clippingMaskMode":0,"hasClippingMask":true,"style":{"_class":"style","endMarkerType":0,"fills":[{"_class":"fill","isEnabled":true,"color":{"_class":"color","alpha":1,"blue":0.9529411764705882,"green":0.9372549019607843,"red":0.9372549019607843},"fillType":0,"noiseIndex":0,"noiseIntensity":0,"patternFillType":0,"patternTileScale":1}],"miterLimit":10,"startMarkerType":0,"windingRule":1},"edited":true,"isClosed":true,"pointRadiusBehaviour":0,"points":[{"_class":"curvePoint","cornerRadius":0,"curveFrom":"{0.77614237490000038, 1.0000000000000004}","curveMode":2,"curveTo":"{0.22385762510000012, 1.0000000000000004}","hasCurveFrom":true,"hasCurveTo":true,"point":"{0.50000000000000022, 1.0000000000000004}"},{"_class":"curvePoint","cornerRadius":0,"curveFrom":"{1.0000000000000004, 0.22385762510000012}","curveMode":2,"curveTo":"{1.0000000000000004, 0.77614237490000038}","hasCurveFrom":true,"hasCurveTo":true,"point":"{1.0000000000000004, 0.50000000000000022}"},{"_class":"curvePoint","cornerRadius":0,"curveFrom":"{0.22385762510000012, 0}","curveMode":2,"curveTo":"{0.77614237490000038, 0}","hasCurveFrom":true,"hasCurveTo":true,"point":"{0.50000000000000022, 0}"},{"_class":"curvePoint","cornerRadius":0,"curveFrom":"{0, 0.77614237490000038}","curveMode":2,"curveTo":"{0, 0.22385762510000012}","hasCurveFrom":true,"hasCurveTo":true,"point":"{0, 0.50000000000000022}"}]},{"_class":"bitmap","do_objectID":"C7887485-2D12-4847-B4E8-1ABD7216A059","booleanOperation":0,"exportOptions":{"_class":"exportOptions","exportFormats":[],"includedLayerIds":[],"layerOptions":0,"shouldTrim":false},"frame":{"_class":"rect","constrainProportions":false,"height":37,"width":55.45667447306791,"x":-15,"y":-2},"isFixedToViewport":false,"isFlippedHorizontal":false,"isFlippedVertical":false,"isLocked":false,"isVisible":true,"layerListExpandedType":0,"name":"Bitmap","nameIsFixed":false,"originalObjectID":"D9DD5F99-BF83-44A3-802E-423CA3D3B27B","resizingConstraint":63,"resizingType":0,"rotation":0,"shouldBreakMaskChain":false,"userInfo":{"com.animaapp.stc-sketch-plugin":{"kModelPropertiesKey":{}},"com.invisionlabs.duplicate":{"photos-duplicate":{"mode":"unsplash","category":"Hipster"}}},"clippingMaskMode":0,"hasClippingMask":false,"style":{"_class":"style","contextSettings":{"_class":"graphicsContextSettings","blendMode":1,"opacity":1},"endMarkerType":0,"fills":[{"_class":"fill","isEnabled":true,"color":{"_class":"color","alpha":1,"blue":0.2902374565601349,"green":0.2901752889156342,"red":0.290221631526947},"fillType":4,"image":{"_class":"MSJSONFileReference","_ref_class":"MSImageData","_ref":"images\/96e90c71437ecd5608abd9400207c7346076076f.png"},"noiseIndex":0,"noiseIntensity":0,"patternFillType":3,"patternTileScale":1}],"miterLimit":10,"startMarkerType":0,"windingRule":1},"clippingMask":"{{0, 0}, {1, 1}}","fillReplacesImage":false,"image":{"_class":"MSJSONFileReference","_ref_class":"MSImageData","_ref":"images\/486e068d4205fd35d536a5f5a4972c47e34fe2ef.png"},"intendedDPI":0}]}]}],"backgroundColor":{"_class":"color","alpha":1,"blue":1,"green":1,"red":1},"hasBackgroundColor":false,"horizontalRulerData":{"_class":"rulerData","base":0,"guides":[]},"includeBackgroundColorInExport":true,"includeInCloudUpload":true,"isFlowHome":false,"resizesContent":false,"verticalRulerData":{"_class":"rulerData","base":0,"guides":[]},"includeBackgroundColorInInstance":false,"symbolID":"48D17C5A-67BC-44F0-B852-AE2F2913EC0D","changeIdentifier":535,"overrideProperties":[{"_class":"MSImmutableOverrideProperty","canOverride":true,"overrideName":"B697F10E-7A0E-41A5-9614-834CC7A44D69_stringValue"},{"_class":"MSImmutableOverrideProperty","canOverride":true,"overrideName":"9C830A91-5F94-46A6-B331-B3D6B1955589_stringValue"},{"_class":"MSImmutableOverrideProperty","canOverride":true,"overrideName":"C7887485-2D12-4847-B4E8-1ABD7216A059_image"}],"allowsOverrides":true},"symbolMaster":{"_class":"symbolMaster","do_objectID":"BAE39917-EF6C-40BF-B4A7-9B8F463D3847","booleanOperation":-1,"exportOptions":{"_class":"exportOptions","exportFormats":[],"includedLayerIds":[],"layerOptions":0,"shouldTrim":false},"frame":{"_class":"rect","constrainProportions":false,"height":30,"width":204,"x":-105,"y":-578},"isFixedToViewport":false,"isFlippedHorizontal":false,"isFlippedVertical":false,"isLocked":false,"isVisible":true,"layerListExpandedType":0,"name":"User\/Profile Icon\/Dark","nameIsFixed":false,"resizingConstraint":63,"resizingType":0,"rotation":0,"shouldBreakMaskChain":true,"userInfo":{"com.animaapp.stc-sketch-plugin":{"kModelPropertiesKey":{}}},"clippingMaskMode":0,"hasClippingMask":false,"style":{"_class":"style","endMarkerType":0,"miterLimit":10,"startMarkerType":0,"windingRule":1},"groupLayout":{"_class":"MSImmutableFreeformGroupLayout"},"hasClickThrough":true,"layers":[{"_class":"group","do_objectID":"4C530E4D-9E5C-4B6E-A3C3-1B2735E242C8","booleanOperation":0,"exportOptions":{"_class":"exportOptions","exportFormats":[],"includedLayerIds":[],"layerOptions":0,"shouldTrim":false},"frame":{"_class":"rect","constrainProportions":false,"height":30,"width":121,"x":0,"y":0},"isFixedToViewport":false,"isFlippedHorizontal":false,"isFlippedVertical":false,"isLocked":false,"isVisible":true,"layerListExpandedType":2,"name":"Group 2","nameIsFixed":false,"originalObjectID":"C58676F9-1D2F-46C6-A36B-188B34181AFF","resizingConstraint":63,"resizingType":0,"rotation":0,"shouldBreakMaskChain":false,"userInfo":{"com.animaapp.stc-sketch-plugin":{"kModelPropertiesKey":{}}},"clippingMaskMode":0,"hasClippingMask":false,"style":{"_class":"style","endMarkerType":0,"miterLimit":10,"startMarkerType":0,"windingRule":1},"groupLayout":{"_class":"MSImmutableFreeformGroupLayout"},"hasClickThrough":false,"layers":[{"_class":"text","do_objectID":"B697F10E-7A0E-41A5-9614-834CC7A44D69","booleanOperation":0,"exportOptions":{"_class":"exportOptions","exportFormats":[],"includedLayerIds":[],"layerOptions":0,"shouldTrim":false},"frame":{"_class":"rect","constrainProportions":false,"height":13,"width":55,"x":40,"y":0},"isFixedToViewport":false,"isFlippedHorizontal":false,"isFlippedVertical":false,"isLocked":false,"isVisible":true,"layerListExpandedType":0,"name":"@handle","nameIsFixed":false,"originalObjectID":"78F05789-F2F4-42D1-9682-A524C420F2DF","resizingConstraint":47,"resizingType":0,"rotation":0,"shouldBreakMaskChain":false,"userInfo":{"com.animaapp.stc-sketch-plugin":{"kModelPropertiesKey":{"isAutoWidth":1}}},"clippingMaskMode":0,"hasClippingMask":false,"style":{"_class":"style","endMarkerType":0,"miterLimit":10,"startMarkerType":0,"textStyle":{"_class":"textStyle","encodedAttributes":{"MSAttributedStringFontAttribute":{"_class":"fontDescriptor","attributes":{"name":"MarkOT-Bold","size":13}},"paragraphStyle":{"_class":"paragraphStyle","alignment":0,"maximumLineHeight":13,"minimumLineHeight":13,"allowsDefaultTighteningForTruncation":0},"MSAttributedStringColorAttribute":{"_class":"color","alpha":1,"blue":0,"green":0,"red":0},"kerning":0},"verticalAlignment":0},"windingRule":1},"attributedString":{"_class":"attributedString","string":"@handle","attributes":[{"_class":"stringAttribute","location":0,"length":7,"attributes":{"MSAttributedStringFontAttribute":{"_class":"fontDescriptor","attributes":{"name":"MarkOT-Bold","size":13}},"MSAttributedStringColorAttribute":{"_class":"color","alpha":1,"blue":0,"green":0,"red":0},"paragraphStyle":{"_class":"paragraphStyle","alignment":0,"maximumLineHeight":13,"minimumLineHeight":13,"allowsDefaultTighteningForTruncation":0},"kerning":0}}]},"automaticallyDrawOnUnderlyingPath":false,"dontSynchroniseWithSymbol":false,"glyphBounds":"{{0, 1}, {55, 13}}","lineSpacingBehaviour":2,"textBehaviour":0},{"_class":"text","do_objectID":"9C830A91-5F94-46A6-B331-B3D6B1955589","booleanOperation":0,"exportOptions":{"_class":"exportOptions","exportFormats":[],"includedLayerIds":[],"layerOptions":0,"shouldTrim":false},"frame":{"_class":"rect","constrainProportions":false,"height":13,"width":81,"x":40,"y":17},"isFixedToViewport":false,"isFlippedHorizontal":false,"isFlippedVertical":false,"isLocked":false,"isVisible":true,"layerListExpandedType":0,"name":"User’s Name","nameIsFixed":false,"originalObjectID":"78F05789-F2F4-42D1-9682-A524C420F2DF","resizingConstraint":47,"resizingType":0,"rotation":0,"shouldBreakMaskChain":false,"userInfo":{"com.animaapp.stc-sketch-plugin":{"kModelPropertiesKey":{"isAutoWidth":1}}},"clippingMaskMode":0,"hasClippingMask":false,"style":{"_class":"style","endMarkerType":0,"miterLimit":10,"startMarkerType":0,"textStyle":{"_class":"textStyle","encodedAttributes":{"MSAttributedStringFontAttribute":{"_class":"fontDescriptor","attributes":{"name":"MarkOT-Medium","size":13}},"paragraphStyle":{"_class":"paragraphStyle","alignment":0,"maximumLineHeight":13,"minimumLineHeight":13,"allowsDefaultTighteningForTruncation":0},"MSAttributedStringColorAttribute":{"_class":"color","alpha":1,"blue":0.5764705882352941,"green":0.5568627450980392,"red":0.5568627450980392},"kerning":0},"verticalAlignment":0},"windingRule":1},"attributedString":{"_class":"attributedString","string":"User’s Name","attributes":[{"_class":"stringAttribute","location":0,"length":11,"attributes":{"MSAttributedStringFontAttribute":{"_class":"fontDescriptor","attributes":{"name":"MarkOT-Medium","size":13}},"MSAttributedStringColorAttribute":{"_class":"color","alpha":1,"blue":0.5764705882352941,"green":0.5568627450980392,"red":0.5568627450980392},"paragraphStyle":{"_class":"paragraphStyle","alignment":0,"maximumLineHeight":13,"minimumLineHeight":13,"allowsDefaultTighteningForTruncation":0},"kerning":0}}]},"automaticallyDrawOnUnderlyingPath":false,"dontSynchroniseWithSymbol":false,"glyphBounds":"{{1, 1}, {80, 11}}","lineSpacingBehaviour":2,"textBehaviour":0},{"_class":"group","do_objectID":"B8417F12-AC89-46C4-B8F1-52F9615B70FC","booleanOperation":0,"exportOptions":{"_class":"exportOptions","exportFormats":[],"includedLayerIds":[],"layerOptions":0,"shouldTrim":false},"frame":{"_class":"rect","constrainProportions":true,"height":30,"width":30,"x":0,"y":0},"isFixedToViewport":false,"isFlippedHorizontal":false,"isFlippedVertical":false,"isLocked":false,"isVisible":true,"layerListExpandedType":2,"name":"Userpic","nameIsFixed":true,"originalObjectID":"56E1D2DE-AF86-42D6-9AEA-3ED97EF20D00","resizingConstraint":63,"resizingType":0,"rotation":0,"shouldBreakMaskChain":false,"userInfo":{"com.animaapp.stc-sketch-plugin":{"kModelPropertiesKey":{"constraints":{"scaleFactor":1,"model_version":0.1,"aspectRatio":{"model_class":"ADModelConstraint","model_version":0.1,"enabled":1,"constant":30,"multiplier":30,"modelID":"constraint_704a0674-5594-4f02-879f-34f92b871335"},"modelID":"viewConstraints_bfa3367b-c0f5-42d3-b145-79fe6cafed71","model_class":"ADModelViewConstraints","automatic":1}}}},"clippingMaskMode":0,"hasClippingMask":false,"style":{"_class":"style","endMarkerType":0,"miterLimit":10,"startMarkerType":0,"windingRule":1},"groupLayout":{"_class":"MSImmutableFreeformGroupLayout"},"hasClickThrough":false,"layers":[{"_class":"oval","do_objectID":"A455101B-9062-42CC-A431-D859CE585281","booleanOperation":-1,"exportOptions":{"_class":"exportOptions","exportFormats":[],"includedLayerIds":[],"layerOptions":0,"shouldTrim":false},"frame":{"_class":"rect","constrainProportions":true,"height":30,"width":30,"x":0,"y":0},"isFixedToViewport":false,"isFlippedHorizontal":false,"isFlippedVertical":false,"isLocked":false,"isVisible":true,"layerListExpandedType":0,"name":"Mask","nameIsFixed":false,"resizingConstraint":63,"resizingType":0,"rotation":0,"shouldBreakMaskChain":false,"userInfo":{"com.animaapp.stc-sketch-plugin":{"kModelPropertiesKey":{"constraints":{"scaleFactor":1,"model_version":0.1,"aspectRatio":{"model_class":"ADModelConstraint","model_version":0.1,"enabled":1,"constant":30,"multiplier":30,"modelID":"constraint_9d48555f-27d0-469b-b653-f43d8b963e59"},"modelID":"viewConstraints_64da2669-b5b4-4137-861b-c48af136fc87","model_class":"ADModelViewConstraints","automatic":1}}}},"clippingMaskMode":0,"hasClippingMask":true,"style":{"_class":"style","endMarkerType":0,"fills":[{"_class":"fill","isEnabled":true,"color":{"_class":"color","alpha":1,"blue":0.9529411764705882,"green":0.9372549019607843,"red":0.9372549019607843},"fillType":0,"noiseIndex":0,"noiseIntensity":0,"patternFillType":0,"patternTileScale":1}],"miterLimit":10,"startMarkerType":0,"windingRule":1},"edited":true,"isClosed":true,"pointRadiusBehaviour":0,"points":[{"_class":"curvePoint","cornerRadius":0,"curveFrom":"{0.77614237490000038, 1.0000000000000004}","curveMode":2,"curveTo":"{0.22385762510000012, 1.0000000000000004}","hasCurveFrom":true,"hasCurveTo":true,"point":"{0.50000000000000022, 1.0000000000000004}"},{"_class":"curvePoint","cornerRadius":0,"curveFrom":"{1.0000000000000004, 0.22385762510000012}","curveMode":2,"curveTo":"{1.0000000000000004, 0.77614237490000038}","hasCurveFrom":true,"hasCurveTo":true,"point":"{1.0000000000000004, 0.50000000000000022}"},{"_class":"curvePoint","cornerRadius":0,"curveFrom":"{0.22385762510000012, 0}","curveMode":2,"curveTo":"{0.77614237490000038, 0}","hasCurveFrom":true,"hasCurveTo":true,"point":"{0.50000000000000022, 0}"},{"_class":"curvePoint","cornerRadius":0,"curveFrom":"{0, 0.77614237490000038}","curveMode":2,"curveTo":"{0, 0.22385762510000012}","hasCurveFrom":true,"hasCurveTo":true,"point":"{0, 0.50000000000000022}"}]},{"_class":"bitmap","do_objectID":"C7887485-2D12-4847-B4E8-1ABD7216A059","booleanOperation":0,"exportOptions":{"_class":"exportOptions","exportFormats":[],"includedLayerIds":[],"layerOptions":0,"shouldTrim":false},"frame":{"_class":"rect","constrainProportions":false,"height":37,"width":55.45667447306791,"x":-15,"y":-2},"isFixedToViewport":false,"isFlippedHorizontal":false,"isFlippedVertical":false,"isLocked":false,"isVisible":true,"layerListExpandedType":0,"name":"Bitmap","nameIsFixed":false,"originalObjectID":"D9DD5F99-BF83-44A3-802E-423CA3D3B27B","resizingConstraint":63,"resizingType":0,"rotation":0,"shouldBreakMaskChain":false,"userInfo":{"com.animaapp.stc-sketch-plugin":{"kModelPropertiesKey":{}},"com.invisionlabs.duplicate":{"photos-duplicate":{"mode":"unsplash","category":"Hipster"}}},"clippingMaskMode":0,"hasClippingMask":false,"style":{"_class":"style","contextSettings":{"_class":"graphicsContextSettings","blendMode":1,"opacity":1},"endMarkerType":0,"fills":[{"_class":"fill","isEnabled":true,"color":{"_class":"color","alpha":1,"blue":0.2902374565601349,"green":0.2901752889156342,"red":0.290221631526947},"fillType":4,"image":{"_class":"MSJSONFileReference","_ref_class":"MSImageData","_ref":"images\/96e90c71437ecd5608abd9400207c7346076076f.png"},"noiseIndex":0,"noiseIntensity":0,"patternFillType":3,"patternTileScale":1}],"miterLimit":10,"startMarkerType":0,"windingRule":1},"clippingMask":"{{0, 0}, {1, 1}}","fillReplacesImage":false,"image":{"_class":"MSJSONFileReference","_ref_class":"MSImageData","_ref":"images\/486e068d4205fd35d536a5f5a4972c47e34fe2ef.png"},"intendedDPI":0}]}]}],"backgroundColor":{"_class":"color","alpha":1,"blue":1,"green":1,"red":1},"hasBackgroundColor":false,"horizontalRulerData":{"_class":"rulerData","base":0,"guides":[]},"includeBackgroundColorInExport":true,"includeInCloudUpload":true,"isFlowHome":false,"resizesContent":false,"verticalRulerData":{"_class":"rulerData","base":0,"guides":[]},"includeBackgroundColorInInstance":false,"symbolID":"4E0C53EC-8BD8-4E2C-B692-E81F585F3874","changeIdentifier":537,"overrideProperties":[{"_class":"MSImmutableOverrideProperty","canOverride":true,"overrideName":"B697F10E-7A0E-41A5-9614-834CC7A44D69_stringValue"},{"_class":"MSImmutableOverrideProperty","canOverride":true,"overrideName":"9C830A91-5F94-46A6-B331-B3D6B1955589_stringValue"},{"_class":"MSImmutableOverrideProperty","canOverride":true,"overrideName":"C7887485-2D12-4847-B4E8-1ABD7216A059_image"}],"allowsOverrides":true}},{"_class":"MSImmutableForeignSymbol","libraryID":"CE7CDDC3-5D9B-4D5A-A14D-EB10535D3919","sourceLibraryName":"Feed_DesignSystem","symbolPrivate":false,"originalMaster":{"_class":"symbolMaster","do_objectID":"0B5D66B4-6F15-40B3-9616-BDE64987B6F5","booleanOperation":0,"exportOptions":{"_class":"exportOptions","exportFormats":[],"includedLayerIds":[],"layerOptions":0,"shouldTrim":false},"frame":{"_class":"rect","constrainProportions":false,"height":1,"width":375,"x":-615,"y":-1329},"isFixedToViewport":false,"isFlippedHorizontal":false,"isFlippedVertical":false,"isLocked":false,"isVisible":true,"layerListExpandedType":0,"name":"Dividers \/ Divider 375px","nameIsFixed":true,"resizingConstraint":63,"resizingType":0,"rotation":0,"shouldBreakMaskChain":true,"userInfo":{"com.animaapp.stc-sketch-plugin":{"kModelPropertiesKey":{}}},"clippingMaskMode":0,"hasClippingMask":false,"style":{"_class":"style","endMarkerType":0,"miterLimit":10,"startMarkerType":0,"windingRule":1},"groupLayout":{"_class":"MSImmutableFreeformGroupLayout"},"hasClickThrough":true,"layers":[{"_class":"rectangle","do_objectID":"9F894D9E-4AF6-4E8C-9AED-DAF5D3D3AC6C","booleanOperation":-1,"exportOptions":{"_class":"exportOptions","exportFormats":[],"includedLayerIds":[],"layerOptions":0,"shouldTrim":false},"frame":{"_class":"rect","constrainProportions":false,"height":0.5,"width":375,"x":0,"y":0.5},"isFixedToViewport":false,"isFlippedHorizontal":false,"isFlippedVertical":false,"isLocked":false,"isVisible":true,"layerListExpandedType":1,"name":"Rectangle","nameIsFixed":true,"resizingConstraint":63,"resizingType":0,"rotation":0,"shouldBreakMaskChain":false,"userInfo":{"com.animaapp.stc-sketch-plugin":{"kModelPropertiesKey":{}}},"clippingMaskMode":0,"hasClippingMask":false,"style":{"_class":"style","borders":[{"_class":"border","isEnabled":false,"color":{"_class":"color","alpha":1,"blue":0.592,"green":0.592,"red":0.592},"fillType":0,"position":1,"thickness":1}],"endMarkerType":0,"fills":[{"_class":"fill","isEnabled":true,"color":{"_class":"color","alpha":1,"blue":0.9058823529411765,"green":0.9058823529411765,"red":0.9058823529411765},"fillType":0,"noiseIndex":0,"noiseIntensity":0,"patternFillType":1,"patternTileScale":1}],"miterLimit":10,"startMarkerType":0,"windingRule":1},"edited":false,"isClosed":true,"pointRadiusBehaviour":0,"points":[{"_class":"curvePoint","cornerRadius":0,"curveFrom":"{0, 0}","curveMode":1,"curveTo":"{0, 0}","hasCurveFrom":false,"hasCurveTo":false,"point":"{0, 0}"},{"_class":"curvePoint","cornerRadius":0,"curveFrom":"{1, 0}","curveMode":1,"curveTo":"{1, 0}","hasCurveFrom":false,"hasCurveTo":false,"point":"{1, 0}"},{"_class":"curvePoint","cornerRadius":0,"curveFrom":"{1, 1}","curveMode":1,"curveTo":"{1, 1}","hasCurveFrom":false,"hasCurveTo":false,"point":"{1, 1}"},{"_class":"curvePoint","cornerRadius":0,"curveFrom":"{0, 1}","curveMode":1,"curveTo":"{0, 1}","hasCurveFrom":false,"hasCurveTo":false,"point":"{0, 1}"}],"fixedRadius":0,"hasConvertedToNewRoundCorners":true}],"backgroundColor":{"_class":"color","alpha":1,"blue":1,"green":1,"red":1},"hasBackgroundColor":false,"horizontalRulerData":{"_class":"rulerData","base":0,"guides":[]},"includeBackgroundColorInExport":true,"includeInCloudUpload":true,"isFlowHome":false,"resizesContent":false,"verticalRulerData":{"_class":"rulerData","base":0,"guides":[]},"includeBackgroundColorInInstance":false,"symbolID":"E4E6DF67-16A0-4C5E-ABCD-5096C6EB6A88","changeIdentifier":740,"overrideProperties":[],"allowsOverrides":true},"symbolMaster":{"_class":"symbolMaster","do_objectID":"0B5D66B4-6F15-40B3-9616-BDE64987B6F5","booleanOperation":0,"exportOptions":{"_class":"exportOptions","exportFormats":[],"includedLayerIds":[],"layerOptions":0,"shouldTrim":false},"frame":{"_class":"rect","constrainProportions":false,"height":1,"width":375,"x":-615,"y":-1329},"isFixedToViewport":false,"isFlippedHorizontal":false,"isFlippedVertical":false,"isLocked":false,"isVisible":true,"layerListExpandedType":0,"name":"Dividers \/ Divider 375px","nameIsFixed":true,"resizingConstraint":63,"resizingType":0,"rotation":0,"shouldBreakMaskChain":true,"userInfo":{"com.animaapp.stc-sketch-plugin":{"kModelPropertiesKey":{}}},"clippingMaskMode":0,"hasClippingMask":false,"style":{"_class":"style","endMarkerType":0,"miterLimit":10,"startMarkerType":0,"windingRule":1},"groupLayout":{"_class":"MSImmutableFreeformGroupLayout"},"hasClickThrough":true,"layers":[{"_class":"rectangle","do_objectID":"9F894D9E-4AF6-4E8C-9AED-DAF5D3D3AC6C","booleanOperation":-1,"exportOptions":{"_class":"exportOptions","exportFormats":[],"includedLayerIds":[],"layerOptions":0,"shouldTrim":false},"frame":{"_class":"rect","constrainProportions":false,"height":0.5,"width":375,"x":0,"y":0.5},"isFixedToViewport":false,"isFlippedHorizontal":false,"isFlippedVertical":false,"isLocked":false,"isVisible":true,"layerListExpandedType":1,"name":"Rectangle","nameIsFixed":true,"resizingConstraint":63,"resizingType":0,"rotation":0,"shouldBreakMaskChain":false,"userInfo":{"com.animaapp.stc-sketch-plugin":{"kModelPropertiesKey":{}}},"clippingMaskMode":0,"hasClippingMask":false,"style":{"_class":"style","borders":[{"_class":"border","isEnabled":false,"color":{"_class":"color","alpha":1,"blue":0.592,"green":0.592,"red":0.592},"fillType":0,"position":1,"thickness":1}],"endMarkerType":0,"fills":[{"_class":"fill","isEnabled":true,"color":{"_class":"color","alpha":1,"blue":0.9058823529411765,"green":0.9058823529411765,"red":0.9058823529411765},"fillType":0,"noiseIndex":0,"noiseIntensity":0,"patternFillType":1,"patternTileScale":1}],"miterLimit":10,"startMarkerType":0,"windingRule":1},"edited":false,"isClosed":true,"pointRadiusBehaviour":0,"points":[{"_class":"curvePoint","cornerRadius":0,"curveFrom":"{0, 0}","curveMode":1,"curveTo":"{0, 0}","hasCurveFrom":false,"hasCurveTo":false,"point":"{0, 0}"},{"_class":"curvePoint","cornerRadius":0,"curveFrom":"{1, 0}","curveMode":1,"curveTo":"{1, 0}","hasCurveFrom":false,"hasCurveTo":false,"point":"{1, 0}"},{"_class":"curvePoint","cornerRadius":0,"curveFrom":"{1, 1}","curveMode":1,"curveTo":"{1, 1}","hasCurveFrom":false,"hasCurveTo":false,"point":"{1, 1}"},{"_class":"curvePoint","cornerRadius":0,"curveFrom":"{0, 1}","curveMode":1,"curveTo":"{0, 1}","hasCurveFrom":false,"hasCurveTo":false,"point":"{0, 1}"}],"fixedRadius":0,"hasConvertedToNewRoundCorners":true}],"backgroundColor":{"_class":"color","alpha":1,"blue":1,"green":1,"red":1},"hasBackgroundColor":false,"horizontalRulerData":{"_class":"rulerData","base":0,"guides":[]},"includeBackgroundColorInExport":true,"includeInCloudUpload":true,"isFlowHome":false,"resizesContent":false,"verticalRulerData":{"_class":"rulerData","base":0,"guides":[]},"includeBackgroundColorInInstance":false,"symbolID":"FA46515B-F5F5-48F3-96F9-24929E3462C6","changeIdentifier":742,"overrideProperties":[],"allowsOverrides":true}}],"foreignTextStyles":[],"layerStyles":{"_class":"sharedStyleContainer","objects":[{"_class":"sharedStyle","do_objectID":"0ABED2FE-ADD2-41EB-A73E-172BF12ED81F","name":"Fill\/Black","value":{"_class":"style","borders":[{"_class":"border","isEnabled":false,"color":{"_class":"color","alpha":1,"blue":0.592,"green":0.592,"red":0.592},"fillType":0,"position":1,"thickness":1}],"endMarkerType":0,"fills":[{"_class":"fill","isEnabled":true,"color":{"_class":"color","alpha":1,"blue":0,"green":0,"red":0},"fillType":0,"noiseIndex":0,"noiseIntensity":0,"patternFillType":1,"patternTileScale":1}],"miterLimit":10,"startMarkerType":0,"windingRule":1}},{"_class":"sharedStyle","do_objectID":"84066AEB-234D-4358-8997-BCD04F0C56CE","name":"Fill\/Grey","value":{"_class":"style","borders":[{"_class":"border","isEnabled":false,"color":{"_class":"color","alpha":1,"blue":0.592,"green":0.592,"red":0.592},"fillType":0,"position":1,"thickness":1}],"endMarkerType":0,"fills":[{"_class":"fill","isEnabled":true,"color":{"_class":"color","alpha":1,"blue":0.2901960784313726,"green":0.2901960784313726,"red":0.2901960784313726},"fillType":0,"noiseIndex":0,"noiseIntensity":0,"patternFillType":1,"patternTileScale":1}],"miterLimit":10,"startMarkerType":0,"windingRule":1}},{"_class":"sharedStyle","do_objectID":"A8FB3532-B637-4C42-9792-76F34A439920","name":"Fill\/Grey","value":{"_class":"style","borders":[{"_class":"border","isEnabled":false,"color":{"_class":"color","alpha":1,"blue":0.592,"green":0.592,"red":0.592},"fillType":0,"position":1,"thickness":1}],"endMarkerType":0,"fills":[{"_class":"fill","isEnabled":true,"color":{"_class":"color","alpha":1,"blue":0.5764705882352941,"green":0.5568627450980392,"red":0.5568627450980392},"fillType":0,"noiseIndex":0,"noiseIntensity":0,"patternFillType":1,"patternTileScale":1}],"miterLimit":10,"startMarkerType":0,"windingRule":1}},{"_class":"sharedStyle","do_objectID":"5AC6D2D1-DDDB-44AC-9FCF-A680AB9501E8","name":"Fill\/LightGrey","value":{"_class":"style","borders":[{"_class":"border","isEnabled":false,"color":{"_class":"color","alpha":1,"blue":0.592,"green":0.592,"red":0.592},"fillType":0,"position":1,"thickness":1}],"endMarkerType":0,"fills":[{"_class":"fill","isEnabled":true,"color":{"_class":"color","alpha":1,"blue":0.9058823529411765,"green":0.9058823529411765,"red":0.9058823529411765},"fillType":0,"noiseIndex":0,"noiseIntensity":0,"patternFillType":1,"patternTileScale":1}],"miterLimit":10,"startMarkerType":0,"windingRule":1}},{"_class":"sharedStyle","do_objectID":"C8FB2587-1D0E-4B7B-80C2-9C147D298979","name":"Fill\/White","value":{"_class":"style","borders":[{"_class":"border","isEnabled":false,"color":{"_class":"color","alpha":1,"blue":0.9058823529411765,"green":0.9058823529411765,"red":0.9058823529411765},"fillType":0,"position":1,"thickness":1}],"endMarkerType":0,"fills":[{"_class":"fill","isEnabled":true,"color":{"_class":"color","alpha":1,"blue":1,"green":1,"red":1},"fillType":0,"noiseIndex":0,"noiseIntensity":0,"patternFillType":1,"patternTileScale":1}],"miterLimit":10,"startMarkerType":0,"windingRule":1}},{"_class":"sharedStyle","do_objectID":"9638D62D-A182-488C-9374-C97AF6796AB0","name":"Fill\/Primary","value":{"_class":"style","borders":[{"_class":"border","isEnabled":false,"color":{"_class":"color","alpha":1,"blue":0.592,"green":0.592,"red":0.592},"fillType":0,"position":1,"thickness":1}],"endMarkerType":0,"fills":[{"_class":"fill","isEnabled":true,"color":{"_class":"color","alpha":1,"blue":1,"green":0.4862745098039217,"red":0.2313725490196079},"fillType":0,"noiseIndex":0,"noiseIntensity":0,"patternFillType":1,"patternTileScale":1}],"miterLimit":10,"startMarkerType":0,"windingRule":1}},{"_class":"sharedStyle","do_objectID":"89A2E17C-2924-4ECF-8C3D-53C493D201DF","name":"Fill\/Error","value":{"_class":"style","borders":[{"_class":"border","isEnabled":false,"color":{"_class":"color","alpha":1,"blue":0.592,"green":0.592,"red":0.592},"fillType":0,"position":1,"thickness":1}],"endMarkerType":0,"fills":[{"_class":"fill","isEnabled":true,"color":{"_class":"color","alpha":1,"blue":0.2509803921568629,"green":0.1607843137254901,"red":0.8627450980392157},"fillType":0,"noiseIndex":0,"noiseIntensity":0,"patternFillType":1,"patternTileScale":1}],"miterLimit":10,"startMarkerType":0,"windingRule":1}},{"_class":"sharedStyle","do_objectID":"EA5B3E2E-BE83-4AED-88CF-BA865454EA84","name":"Overlay\/Primary","value":{"_class":"style","borders":[{"_class":"border","isEnabled":false,"color":{"_class":"color","alpha":1,"blue":0.592,"green":0.592,"red":0.592},"fillType":0,"position":1,"thickness":1}],"contextSettings":{"_class":"graphicsContextSettings","blendMode":0,"opacity":0.2000000029802322},"endMarkerType":0,"fills":[{"_class":"fill","isEnabled":true,"color":{"_class":"color","alpha":1,"blue":0,"green":0,"red":0},"fillType":0,"noiseIndex":0,"noiseIntensity":0,"patternFillType":0,"patternTileScale":1}],"miterLimit":10,"shadows":[{"_class":"shadow","isEnabled":false,"blurRadius":3,"color":{"_class":"color","alpha":0.2,"blue":0,"green":0,"red":0},"contextSettings":{"_class":"graphicsContextSettings","blendMode":0,"opacity":1},"offsetX":0,"offsetY":2,"spread":0}],"startMarkerType":0,"windingRule":1}},{"_class":"sharedStyle","do_objectID":"0007AE34-20B4-41B3-88EA-2F87E2F0C557","name":"Border\/Placeholder","value":{"_class":"style","borders":[{"_class":"border","isEnabled":true,"color":{"_class":"color","alpha":1,"blue":0.9058823529411765,"green":0.9058823529411765,"red":0.9058823529411765},"fillType":0,"position":1,"thickness":1}],"endMarkerType":0,"fills":[{"_class":"fill","isEnabled":false,"color":{"_class":"color","alpha":1,"blue":0.847,"green":0.847,"red":0.847},"fillType":0,"noiseIndex":0,"noiseIntensity":0,"patternFillType":1,"patternTileScale":1}],"miterLimit":10,"startMarkerType":0,"windingRule":1}},{"_class":"sharedStyle","do_objectID":"2073172C-511F-49A9-B693-5C4600083534","name":"Border\/Active","value":{"_class":"style","borders":[{"_class":"border","isEnabled":true,"color":{"_class":"color","alpha":1,"blue":1,"green":0.4862745098039217,"red":0.2313725490196079},"fillType":0,"position":1,"thickness":1}],"endMarkerType":0,"fills":[{"_class":"fill","isEnabled":false,"color":{"_class":"color","alpha":1,"blue":0.847,"green":0.847,"red":0.847},"fillType":0,"noiseIndex":0,"noiseIntensity":0,"patternFillType":1,"patternTileScale":1}],"miterLimit":10,"startMarkerType":0,"windingRule":1}},{"_class":"sharedStyle","do_objectID":"2086DCD7-8B2D-4356-BA9A-21A64E92779D","name":"Border\/Inactive","value":{"_class":"style","borders":[{"_class":"border","isEnabled":true,"color":{"_class":"color","alpha":1,"blue":0,"green":0,"red":0},"fillType":0,"position":1,"thickness":1}],"endMarkerType":0,"fills":[{"_class":"fill","isEnabled":false,"color":{"_class":"color","alpha":1,"blue":0.847,"green":0.847,"red":0.847},"fillType":0,"noiseIndex":0,"noiseIntensity":0,"patternFillType":1,"patternTileScale":1}],"miterLimit":10,"startMarkerType":0,"windingRule":1}},{"_class":"sharedStyle","do_objectID":"11840142-9907-4539-A071-1FCE9609EE7E","name":"Card\/Shadow","value":{"_class":"style","borders":[{"_class":"border","isEnabled":false,"color":{"_class":"color","alpha":1,"blue":0.592,"green":0.592,"red":0.592},"fillType":0,"position":1,"thickness":1}],"endMarkerType":0,"fills":[{"_class":"fill","isEnabled":true,"color":{"_class":"color","alpha":1,"blue":1,"green":1,"red":1},"fillType":0,"noiseIndex":0,"noiseIntensity":0,"patternFillType":0,"patternTileScale":1}],"miterLimit":10,"shadows":[{"_class":"shadow","isEnabled":true,"blurRadius":20,"color":{"_class":"color","alpha":0.15,"blue":0,"green":0,"red":0},"contextSettings":{"_class":"graphicsContextSettings","blendMode":0,"opacity":1},"offsetX":0,"offsetY":10,"spread":0}],"startMarkerType":0,"windingRule":1}},{"_class":"sharedStyle","do_objectID":"29536E88-138E-48D2-8687-82EB4863596A","name":"Border\/Error","value":{"_class":"style","borders":[{"_class":"border","isEnabled":true,"color":{"_class":"color","alpha":1,"blue":0.2509803921568629,"green":0.1607843137254901,"red":0.8627450980392157},"fillType":0,"position":1,"thickness":1}],"endMarkerType":0,"fills":[{"_class":"fill","isEnabled":false,"color":{"_class":"color","alpha":1,"blue":0,"green":0,"red":0},"fillType":0,"noiseIndex":0,"noiseIntensity":0,"patternFillType":0,"patternTileScale":1}],"miterLimit":10,"shadows":[{"_class":"shadow","isEnabled":false,"blurRadius":3,"color":{"_class":"color","alpha":0.2,"blue":0,"green":0,"red":0},"contextSettings":{"_class":"graphicsContextSettings","blendMode":0,"opacity":1},"offsetX":0,"offsetY":2,"spread":0}],"startMarkerType":0,"windingRule":1}},{"_class":"sharedStyle","do_objectID":"AF6235FC-4975-4615-9F1D-0B26F63971C9","name":"Textbox","value":{"_class":"style","endMarkerType":0,"fills":[{"_class":"fill","isEnabled":true,"color":{"_class":"color","alpha":1,"blue":1,"green":1,"red":1},"fillType":0,"noiseIndex":0,"noiseIntensity":0,"patternFillType":0,"patternTileScale":1}],"miterLimit":10,"startMarkerType":0,"windingRule":1}},{"_class":"sharedStyle","do_objectID":"086431D1-A376-4030-8D9D-6CFA04152C5F","name":"Card\/Textbox","value":{"_class":"style","borders":[{"_class":"border","isEnabled":true,"color":{"_class":"color","alpha":1,"blue":0.9372549019607843,"green":0.9372549019607843,"red":0.9372549019607843},"fillType":0,"position":0,"thickness":1}],"endMarkerType":0,"fills":[{"_class":"fill","isEnabled":true,"color":{"_class":"color","alpha":1,"blue":1,"green":1,"red":1},"fillType":0,"noiseIndex":0,"noiseIntensity":0,"patternFillType":0,"patternTileScale":1}],"miterLimit":10,"startMarkerType":0,"windingRule":1}},{"_class":"sharedStyle","do_objectID":"69FC3622-AC25-4F6C-A4EB-2D8C989B6BF3","name":"Fill\/OffWhite","value":{"_class":"style","borders":[{"_class":"border","isEnabled":false,"color":{"_class":"color","alpha":1,"blue":0.9058823529411765,"green":0.9058823529411765,"red":0.9058823529411765},"fillType":0,"position":1,"thickness":1}],"endMarkerType":0,"fills":[{"_class":"fill","isEnabled":true,"color":{"_class":"color","alpha":1,"blue":0.9807518115942029,"green":0.9807518115942029,"red":0.9807518115942029},"fillType":0,"noiseIndex":0,"noiseIntensity":0,"patternFillType":1,"patternTileScale":1}],"miterLimit":10,"startMarkerType":0,"windingRule":1}},{"_class":"sharedStyle","do_objectID":"6F8ABED8-5D08-4F64-A360-61000C40E869","name":"outline\/2-secondary","value":{"_class":"style","borders":[{"_class":"border","isEnabled":true,"color":{"_class":"color","alpha":1,"blue":0.9254901960784314,"green":0.8666666666666667,"red":0.8235294117647058},"fillType":0,"position":1,"thickness":1}],"endMarkerType":0,"fills":[{"_class":"fill","isEnabled":true,"color":{"_class":"color","alpha":1,"blue":1,"green":1,"red":1},"fillType":0,"noiseIndex":0,"noiseIntensity":0,"patternFillType":1,"patternTileScale":1}],"miterLimit":10,"startMarkerType":0,"windingRule":1}},{"_class":"sharedStyle","do_objectID":"9D477106-7BC1-41C8-9A40-99C1424957BC","name":"solid\/8-dark","value":{"_class":"style","borders":[{"_class":"border","isEnabled":false,"color":{"_class":"color","alpha":1,"blue":0.8,"green":0.8,"red":0.8},"fillType":0,"position":1,"thickness":1}],"endMarkerType":0,"fills":[{"_class":"fill","isEnabled":true,"color":{"_class":"color","alpha":1,"blue":0.2470588235294118,"green":0.1490196078431373,"red":0.07058823529411765},"fillType":0,"noiseIndex":0,"noiseIntensity":0,"patternFillType":1,"patternTileScale":1}],"miterLimit":10,"startMarkerType":0,"windingRule":1}},{"_class":"sharedStyle","do_objectID":"0F59EC96-E798-4102-B060-34ECA6D37025","name":"solid\/2-secondary","value":{"_class":"style","borders":[{"_class":"border","isEnabled":false,"color":{"_class":"color","alpha":1,"blue":0.592,"green":0.592,"red":0.592},"fillType":0,"position":1,"thickness":1}],"endMarkerType":0,"fills":[{"_class":"fill","isEnabled":true,"color":{"_class":"color","alpha":1,"blue":0.6392156862745098,"green":0.5176470588235293,"red":0.4313725490196079},"fillType":0,"noiseIndex":0,"noiseIntensity":0,"patternFillType":1,"patternTileScale":1}],"miterLimit":10,"startMarkerType":0,"windingRule":1}},{"_class":"sharedStyle","do_objectID":"DF587680-3100-4CCC-8AC1-A49E49D5D405","name":"solid\/1-primary","value":{"_class":"style","borders":[{"_class":"border","isEnabled":false,"color":{"_class":"color","alpha":1,"blue":0.592,"green":0.592,"red":0.592},"fillType":0,"position":1,"thickness":1}],"endMarkerType":0,"fills":[{"_class":"fill","isEnabled":true,"color":{"_class":"color","alpha":1,"blue":0.8980392156862745,"green":0.4823529411764706,"red":0.1725490196078431},"fillType":0,"noiseIndex":0,"noiseIntensity":0,"patternFillType":1,"patternTileScale":1}],"miterLimit":10,"startMarkerType":0,"windingRule":1}},{"_class":"sharedStyle","do_objectID":"D3253321-D770-4B5C-B046-158AAC51441E","name":"solid\/7-light","value":{"_class":"style","borders":[{"_class":"border","isEnabled":false,"color":{"_class":"color","alpha":1,"blue":0.8,"green":0.8,"red":0.8},"fillType":0,"position":1,"thickness":1}],"endMarkerType":0,"fills":[{"_class":"fill","isEnabled":true,"color":{"_class":"color","alpha":1,"blue":0.9803921568627451,"green":0.9764705882352941,"red":0.9725490196078431},"fillType":0,"noiseIndex":0,"noiseIntensity":0,"patternFillType":1,"patternTileScale":1}],"miterLimit":10,"startMarkerType":0,"windingRule":1}}]},"layerSymbols":{"_class":"symbolContainer","objects":[]},"layerTextStyles":{"_class":"sharedTextStyleContainer","objects":[{"_class":"sharedStyle","do_objectID":"6BB6565A-7904-49DC-A132-480E324711C6","name":"Header1\/Dark","value":{"_class":"style","endMarkerType":0,"miterLimit":10,"startMarkerType":0,"textStyle":{"_class":"textStyle","encodedAttributes":{"MSAttributedStringFontAttribute":{"_class":"fontDescriptor","attributes":{"name":"MarkOT-Bold","size":24}},"MSAttributedStringColorAttribute":{"_class":"color","alpha":1,"blue":0,"green":0,"red":0},"textStyleVerticalAlignmentKey":0,"paragraphStyle":{"_class":"paragraphStyle","alignment":0,"allowsDefaultTighteningForTruncation":0},"kerning":0},"verticalAlignment":1},"windingRule":1}},{"_class":"sharedStyle","do_objectID":"0C8E7ED0-E215-4B72-BFD8-485BF57D3C74","name":"Header2\/Dark","value":{"_class":"style","endMarkerType":0,"miterLimit":10,"startMarkerType":0,"textStyle":{"_class":"textStyle","encodedAttributes":{"MSAttributedStringFontAttribute":{"_class":"fontDescriptor","attributes":{"name":"MarkOT-Bold","size":18}},"MSAttributedStringColorAttribute":{"_class":"color","alpha":1,"blue":0,"green":0,"red":0},"textStyleVerticalAlignmentKey":0,"paragraphStyle":{"_class":"paragraphStyle","alignment":0,"allowsDefaultTighteningForTruncation":0},"kerning":0},"verticalAlignment":1},"windingRule":1}},{"_class":"sharedStyle","do_objectID":"E4FEB8CB-0BB4-4DF9-B483-B7A75A3E2498","name":"Body\/Medium\/Dark","value":{"_class":"style","endMarkerType":0,"miterLimit":10,"startMarkerType":0,"textStyle":{"_class":"textStyle","encodedAttributes":{"MSAttributedStringFontAttribute":{"_class":"fontDescriptor","attributes":{"name":"MarkOT-Medium","size":14}},"MSAttributedStringColorAttribute":{"_class":"color","alpha":1,"blue":0,"green":0,"red":0},"textStyleVerticalAlignmentKey":0,"paragraphStyle":{"_class":"paragraphStyle","alignment":0,"allowsDefaultTighteningForTruncation":0},"kerning":0},"verticalAlignment":1},"windingRule":1}},{"_class":"sharedStyle","do_objectID":"C1ACD2F4-B1FD-4A53-83FD-0873D18E4A84","name":"Body\/Thin\/Dark","value":{"_class":"style","endMarkerType":0,"miterLimit":10,"startMarkerType":0,"textStyle":{"_class":"textStyle","encodedAttributes":{"MSAttributedStringFontAttribute":{"_class":"fontDescriptor","attributes":{"name":"MarkOT-Book","size":14}},"MSAttributedStringColorAttribute":{"_class":"color","alpha":1,"blue":0,"green":0,"red":0},"textStyleVerticalAlignmentKey":0,"paragraphStyle":{"_class":"paragraphStyle","alignment":0,"allowsDefaultTighteningForTruncation":0},"kerning":0},"verticalAlignment":1},"windingRule":1}},{"_class":"sharedStyle","do_objectID":"9B8C80D2-08FD-4411-ADB8-10D58C538D61","name":"Caption\/Dark","value":{"_class":"style","endMarkerType":0,"miterLimit":10,"startMarkerType":0,"textStyle":{"_class":"textStyle","encodedAttributes":{"MSAttributedStringFontAttribute":{"_class":"fontDescriptor","attributes":{"name":"MarkOT-Book","size":12}},"MSAttributedStringColorAttribute":{"_class":"color","alpha":1,"blue":0,"green":0,"red":0},"textStyleVerticalAlignmentKey":0,"paragraphStyle":{"_class":"paragraphStyle","alignment":0,"allowsDefaultTighteningForTruncation":0},"kerning":0},"verticalAlignment":1},"windingRule":1}},{"_class":"sharedStyle","do_objectID":"ED83DDEF-82B4-4AE4-872F-CDB3CE6F84F9","name":"Header2\/Accent","value":{"_class":"style","endMarkerType":0,"miterLimit":10,"startMarkerType":0,"textStyle":{"_class":"textStyle","encodedAttributes":{"MSAttributedStringFontAttribute":{"_class":"fontDescriptor","attributes":{"name":"MarkOT-Bold","size":18}},"MSAttributedStringColorAttribute":{"_class":"color","alpha":1,"blue":1,"green":0.4862745098039217,"red":0.2313725490196079},"textStyleVerticalAlignmentKey":0,"paragraphStyle":{"_class":"paragraphStyle","alignment":0,"allowsDefaultTighteningForTruncation":0},"kerning":0},"verticalAlignment":1},"windingRule":1}},{"_class":"sharedStyle","do_objectID":"26FE8214-5944-42E1-A290-6D6A0122295F","name":"Body\/Medium\/Accent","value":{"_class":"style","endMarkerType":0,"miterLimit":10,"startMarkerType":0,"textStyle":{"_class":"textStyle","encodedAttributes":{"MSAttributedStringFontAttribute":{"_class":"fontDescriptor","attributes":{"name":"MarkOT-Medium","size":14}},"MSAttributedStringColorAttribute":{"_class":"color","alpha":1,"blue":1,"green":0.4862745098039217,"red":0.2313725490196079},"textStyleVerticalAlignmentKey":0,"paragraphStyle":{"_class":"paragraphStyle","alignment":0,"allowsDefaultTighteningForTruncation":0},"kerning":0},"verticalAlignment":1},"windingRule":1}},{"_class":"sharedStyle","do_objectID":"CEEB6546-F2BC-4C15-BB87-F5D65DAC5C69","name":"Body\/Thin\/Accent","value":{"_class":"style","endMarkerType":0,"miterLimit":10,"startMarkerType":0,"textStyle":{"_class":"textStyle","encodedAttributes":{"MSAttributedStringFontAttribute":{"_class":"fontDescriptor","attributes":{"name":"MarkOT-Book","size":14}},"MSAttributedStringColorAttribute":{"_class":"color","alpha":1,"blue":1,"green":0.4862745098039217,"red":0.2313725490196079},"textStyleVerticalAlignmentKey":0,"paragraphStyle":{"_class":"paragraphStyle","alignment":0,"allowsDefaultTighteningForTruncation":0},"kerning":0},"verticalAlignment":1},"windingRule":1}},{"_class":"sharedStyle","do_objectID":"D2548171-81BD-464B-A6AA-360154116FF5","name":"Button\/Large\/Accent","value":{"_class":"style","endMarkerType":0,"miterLimit":10,"startMarkerType":0,"textStyle":{"_class":"textStyle","encodedAttributes":{"MSAttributedStringFontAttribute":{"_class":"fontDescriptor","attributes":{"name":"MarkOT-Bold","size":16}},"MSAttributedStringColorAttribute":{"_class":"color","alpha":1,"blue":1,"green":0.4862745098039217,"red":0.2313725490196079},"textStyleVerticalAlignmentKey":0,"paragraphStyle":{"_class":"paragraphStyle","alignment":2,"allowsDefaultTighteningForTruncation":0},"kerning":0},"verticalAlignment":1},"windingRule":1}},{"_class":"sharedStyle","do_objectID":"43AF56D2-894B-4879-8F06-6640C34EB987","name":"Button\/Small\/Accent","value":{"_class":"style","endMarkerType":0,"miterLimit":10,"startMarkerType":0,"textStyle":{"_class":"textStyle","encodedAttributes":{"MSAttributedStringFontAttribute":{"_class":"fontDescriptor","attributes":{"name":"MarkOT-Bold","size":14}},"MSAttributedStringColorAttribute":{"_class":"color","alpha":1,"blue":1,"green":0.4862745098039217,"red":0.2313725490196079},"textStyleVerticalAlignmentKey":0,"paragraphStyle":{"_class":"paragraphStyle","alignment":2,"allowsDefaultTighteningForTruncation":0},"kerning":0},"verticalAlignment":1},"windingRule":1}},{"_class":"sharedStyle","do_objectID":"9830EA3E-2138-48DE-BE76-F83E2C25CF5F","name":"Header2\/Light","value":{"_class":"style","endMarkerType":0,"miterLimit":10,"startMarkerType":0,"textStyle":{"_class":"textStyle","encodedAttributes":{"MSAttributedStringFontAttribute":{"_class":"fontDescriptor","attributes":{"name":"MarkOT-Bold","size":18}},"MSAttributedStringColorAttribute":{"_class":"color","alpha":1,"blue":1,"green":1,"red":1},"textStyleVerticalAlignmentKey":0,"paragraphStyle":{"_class":"paragraphStyle","alignment":0,"allowsDefaultTighteningForTruncation":0},"kerning":0},"verticalAlignment":1},"windingRule":1}},{"_class":"sharedStyle","do_objectID":"684BF93D-F063-4E69-8DB5-4668BC070F02","name":"Body\/Medium\/Light","value":{"_class":"style","endMarkerType":0,"miterLimit":10,"startMarkerType":0,"textStyle":{"_class":"textStyle","encodedAttributes":{"MSAttributedStringFontAttribute":{"_class":"fontDescriptor","attributes":{"name":"MarkOT-Medium","size":14}},"MSAttributedStringColorAttribute":{"_class":"color","alpha":1,"blue":1,"green":1,"red":1},"textStyleVerticalAlignmentKey":0,"paragraphStyle":{"_class":"paragraphStyle","alignment":0,"allowsDefaultTighteningForTruncation":0},"kerning":0},"verticalAlignment":1},"windingRule":1}},{"_class":"sharedStyle","do_objectID":"B42192CE-266F-4E08-845B-3E632F169C13","name":"Body\/Thin\/Light","value":{"_class":"style","endMarkerType":0,"miterLimit":10,"startMarkerType":0,"textStyle":{"_class":"textStyle","encodedAttributes":{"MSAttributedStringFontAttribute":{"_class":"fontDescriptor","attributes":{"name":"MarkOT-Book","size":14}},"MSAttributedStringColorAttribute":{"_class":"color","alpha":1,"blue":1,"green":1,"red":1},"textStyleVerticalAlignmentKey":0,"paragraphStyle":{"_class":"paragraphStyle","alignment":0,"allowsDefaultTighteningForTruncation":0},"kerning":0},"verticalAlignment":1},"windingRule":1}},{"_class":"sharedStyle","do_objectID":"FA6CF358-07C6-40F6-A807-A3F515105115","name":"Button\/Large\/Light","value":{"_class":"style","endMarkerType":0,"miterLimit":10,"startMarkerType":0,"textStyle":{"_class":"textStyle","encodedAttributes":{"MSAttributedStringFontAttribute":{"_class":"fontDescriptor","attributes":{"name":"MarkOT-Bold","size":16}},"MSAttributedStringColorAttribute":{"_class":"color","alpha":1,"blue":1,"green":1,"red":1},"textStyleVerticalAlignmentKey":0,"paragraphStyle":{"_class":"paragraphStyle","alignment":2,"allowsDefaultTighteningForTruncation":0},"kerning":0},"verticalAlignment":1},"windingRule":1}},{"_class":"sharedStyle","do_objectID":"3DE7A826-C7DC-497F-AFA7-EEA79CAC9569","name":"Button\/Small\/Light","value":{"_class":"style","endMarkerType":0,"miterLimit":10,"startMarkerType":0,"textStyle":{"_class":"textStyle","encodedAttributes":{"MSAttributedStringFontAttribute":{"_class":"fontDescriptor","attributes":{"name":"MarkOT-Bold","size":14}},"MSAttributedStringColorAttribute":{"_class":"color","alpha":1,"blue":1,"green":1,"red":1},"textStyleVerticalAlignmentKey":0,"paragraphStyle":{"_class":"paragraphStyle","alignment":2,"allowsDefaultTighteningForTruncation":0},"kerning":0},"verticalAlignment":1},"windingRule":1}},{"_class":"sharedStyle","do_objectID":"5B4227E5-3C55-4903-8B7D-A6945E63237E","name":"Header2\/Inactive","value":{"_class":"style","endMarkerType":0,"miterLimit":10,"startMarkerType":0,"textStyle":{"_class":"textStyle","encodedAttributes":{"MSAttributedStringFontAttribute":{"_class":"fontDescriptor","attributes":{"name":"MarkOT-Bold","size":18}},"MSAttributedStringColorAttribute":{"_class":"color","alpha":1,"blue":0.9058823529411765,"green":0.9058823529411765,"red":0.9058823529411765},"textStyleVerticalAlignmentKey":0,"paragraphStyle":{"_class":"paragraphStyle","alignment":0,"allowsDefaultTighteningForTruncation":0},"kerning":0},"verticalAlignment":1},"windingRule":1}},{"_class":"sharedStyle","do_objectID":"16AD12E4-C5F6-49B4-BD1A-6C948A7178F5","name":"Body\/Medium\/Inactive","value":{"_class":"style","endMarkerType":0,"miterLimit":10,"startMarkerType":0,"textStyle":{"_class":"textStyle","encodedAttributes":{"MSAttributedStringFontAttribute":{"_class":"fontDescriptor","attributes":{"name":"MarkOT-Medium","size":14}},"MSAttributedStringColorAttribute":{"_class":"color","alpha":1,"blue":0.9058823529411765,"green":0.9058823529411765,"red":0.9058823529411765},"textStyleVerticalAlignmentKey":0,"paragraphStyle":{"_class":"paragraphStyle","alignment":0,"allowsDefaultTighteningForTruncation":0},"kerning":0},"verticalAlignment":1},"windingRule":1}},{"_class":"sharedStyle","do_objectID":"DBE37A2C-B43C-475E-93CC-3CCC4B310EC1","name":"Body\/Thin\/Inactive","value":{"_class":"style","endMarkerType":0,"miterLimit":10,"startMarkerType":0,"textStyle":{"_class":"textStyle","encodedAttributes":{"MSAttributedStringFontAttribute":{"_class":"fontDescriptor","attributes":{"name":"MarkOT-Book","size":14}},"MSAttributedStringColorAttribute":{"_class":"color","alpha":1,"blue":0.9058823529411765,"green":0.9058823529411765,"red":0.9058823529411765},"textStyleVerticalAlignmentKey":0,"paragraphStyle":{"_class":"paragraphStyle","alignment":0,"allowsDefaultTighteningForTruncation":0},"kerning":0},"verticalAlignment":1},"windingRule":1}},{"_class":"sharedStyle","do_objectID":"C80FE310-C711-40E2-A90F-8D36982CEA5D","name":"Caption\/Inactive","value":{"_class":"style","endMarkerType":0,"miterLimit":10,"startMarkerType":0,"textStyle":{"_class":"textStyle","encodedAttributes":{"MSAttributedStringFontAttribute":{"_class":"fontDescriptor","attributes":{"name":"MarkOT-Book","size":12}},"MSAttributedStringColorAttribute":{"_class":"color","alpha":1,"blue":0.9058823529411765,"green":0.9058823529411765,"red":0.9058823529411765},"textStyleVerticalAlignmentKey":0,"paragraphStyle":{"_class":"paragraphStyle","alignment":0,"allowsDefaultTighteningForTruncation":0},"kerning":0},"verticalAlignment":1},"windingRule":1}},{"_class":"sharedStyle","do_objectID":"134CABAD-1B28-452E-BF3B-E318C3FEF220","name":"Header1\/Regular","value":{"_class":"style","endMarkerType":0,"miterLimit":10,"startMarkerType":0,"textStyle":{"_class":"textStyle","encodedAttributes":{"MSAttributedStringFontAttribute":{"_class":"fontDescriptor","attributes":{"name":"MarkOT-Bold","size":24}},"MSAttributedStringColorAttribute":{"_class":"color","alpha":1,"blue":0.5764705882352941,"green":0.5568627450980392,"red":0.5568627450980392},"textStyleVerticalAlignmentKey":0,"paragraphStyle":{"_class":"paragraphStyle","alignment":0,"allowsDefaultTighteningForTruncation":0},"kerning":0},"verticalAlignment":1},"windingRule":1}},{"_class":"sharedStyle","do_objectID":"1E5957E4-642F-4C7F-8CBD-DA264E6ED9A3","name":"Header2\/Regular","value":{"_class":"style","endMarkerType":0,"miterLimit":10,"startMarkerType":0,"textStyle":{"_class":"textStyle","encodedAttributes":{"MSAttributedStringFontAttribute":{"_class":"fontDescriptor","attributes":{"name":"MarkOT-Bold","size":18}},"MSAttributedStringColorAttribute":{"_class":"color","alpha":1,"blue":0.5764705882352941,"green":0.5568627450980392,"red":0.5568627450980392},"textStyleVerticalAlignmentKey":0,"paragraphStyle":{"_class":"paragraphStyle","alignment":0,"allowsDefaultTighteningForTruncation":0},"kerning":0},"verticalAlignment":1},"windingRule":1}},{"_class":"sharedStyle","do_objectID":"F20DF024-1770-4921-A34D-69346CE36635","name":"Body\/Medium\/Regular","value":{"_class":"style","endMarkerType":0,"miterLimit":10,"startMarkerType":0,"textStyle":{"_class":"textStyle","encodedAttributes":{"MSAttributedStringFontAttribute":{"_class":"fontDescriptor","attributes":{"name":"MarkOT-Medium","size":14}},"MSAttributedStringColorAttribute":{"_class":"color","alpha":1,"blue":0.5764705882352941,"green":0.5568627450980392,"red":0.5568627450980392},"textStyleVerticalAlignmentKey":0,"paragraphStyle":{"_class":"paragraphStyle","alignment":0,"allowsDefaultTighteningForTruncation":0},"kerning":0},"verticalAlignment":1},"windingRule":1}},{"_class":"sharedStyle","do_objectID":"A2CD2226-2A89-4226-9D98-B9DA18BE945E","name":"Body\/Thin\/Regular","value":{"_class":"style","endMarkerType":0,"miterLimit":10,"startMarkerType":0,"textStyle":{"_class":"textStyle","encodedAttributes":{"MSAttributedStringFontAttribute":{"_class":"fontDescriptor","attributes":{"name":"MarkOT-Book","size":14}},"MSAttributedStringColorAttribute":{"_class":"color","alpha":1,"blue":0.5764705882352941,"green":0.5568627450980392,"red":0.5568627450980392},"textStyleVerticalAlignmentKey":0,"paragraphStyle":{"_class":"paragraphStyle","alignment":0,"allowsDefaultTighteningForTruncation":0},"kerning":0},"verticalAlignment":1},"windingRule":1}},{"_class":"sharedStyle","do_objectID":"EE124CCD-D4D3-48C5-AA86-DC7EA88C06BF","name":"Caption\/Regular","value":{"_class":"style","endMarkerType":0,"miterLimit":10,"startMarkerType":0,"textStyle":{"_class":"textStyle","encodedAttributes":{"MSAttributedStringFontAttribute":{"_class":"fontDescriptor","attributes":{"name":"MarkOT-Book","size":12}},"MSAttributedStringColorAttribute":{"_class":"color","alpha":1,"blue":0.5764705882352941,"green":0.5568627450980392,"red":0.5568627450980392},"textStyleVerticalAlignmentKey":0,"paragraphStyle":{"_class":"paragraphStyle","alignment":0,"allowsDefaultTighteningForTruncation":0},"kerning":0},"verticalAlignment":1},"windingRule":1}},{"_class":"sharedStyle","do_objectID":"D08F402E-ECD3-450F-9615-0C41D6805A8D","name":"Body\/Medium\/Error","value":{"_class":"style","endMarkerType":0,"miterLimit":10,"startMarkerType":0,"textStyle":{"_class":"textStyle","encodedAttributes":{"MSAttributedStringFontAttribute":{"_class":"fontDescriptor","attributes":{"name":"MarkOT-Medium","size":14}},"MSAttributedStringColorAttribute":{"_class":"color","alpha":1,"blue":0.2509803921568629,"green":0.1607843137254901,"red":0.8627450980392157},"textStyleVerticalAlignmentKey":0,"paragraphStyle":{"_class":"paragraphStyle","alignment":0,"allowsDefaultTighteningForTruncation":0},"kerning":0},"verticalAlignment":1},"windingRule":1}},{"_class":"sharedStyle","do_objectID":"DDAC68A9-5971-41BA-B0C6-7A5CEB5BE35D","name":"Body\/Thin\/Error","value":{"_class":"style","endMarkerType":0,"miterLimit":10,"startMarkerType":0,"textStyle":{"_class":"textStyle","encodedAttributes":{"MSAttributedStringFontAttribute":{"_class":"fontDescriptor","attributes":{"name":"MarkOT-Book","size":14}},"MSAttributedStringColorAttribute":{"_class":"color","alpha":1,"blue":0.2509803921568629,"green":0.1607843137254901,"red":0.8627450980392157},"textStyleVerticalAlignmentKey":0,"paragraphStyle":{"_class":"paragraphStyle","alignment":0,"allowsDefaultTighteningForTruncation":0},"kerning":0},"verticalAlignment":1},"windingRule":1}},{"_class":"sharedStyle","do_objectID":"E5796515-37A7-4B1E-A597-12B968B50FCB","name":"Caption\/Error","value":{"_class":"style","endMarkerType":0,"miterLimit":10,"startMarkerType":0,"textStyle":{"_class":"textStyle","encodedAttributes":{"MSAttributedStringFontAttribute":{"_class":"fontDescriptor","attributes":{"name":"MarkOT-Book","size":12}},"MSAttributedStringColorAttribute":{"_class":"color","alpha":1,"blue":0.2509803921568629,"green":0.1607843137254901,"red":0.8627450980392157},"textStyleVerticalAlignmentKey":0,"paragraphStyle":{"_class":"paragraphStyle","alignment":0,"allowsDefaultTighteningForTruncation":0},"kerning":0},"verticalAlignment":1},"windingRule":1}},{"_class":"sharedStyle","do_objectID":"C5385341-BEEA-4BE5-8C8C-81732EFCD3D8","name":"Header","value":{"_class":"style","endMarkerType":0,"miterLimit":10,"startMarkerType":0,"textStyle":{"_class":"textStyle","encodedAttributes":{"MSAttributedStringFontAttribute":{"_class":"fontDescriptor","attributes":{"name":"MarkOT-Bold","size":18}},"MSAttributedStringColorAttribute":{"_class":"color","alpha":1,"blue":0.2902374565601349,"green":0.2901752889156342,"red":0.290221631526947},"textStyleVerticalAlignmentKey":0,"paragraphStyle":{"_class":"paragraphStyle","alignment":0,"allowsDefaultTighteningForTruncation":0},"kerning":0},"verticalAlignment":0},"windingRule":1}},{"_class":"sharedStyle","do_objectID":"EFA2BEBF-3459-42EE-9FC1-252682612B7B","name":"Button\/Small\/Regular","value":{"_class":"style","endMarkerType":0,"miterLimit":10,"startMarkerType":0,"textStyle":{"_class":"textStyle","encodedAttributes":{"MSAttributedStringFontAttribute":{"_class":"fontDescriptor","attributes":{"name":"MarkOT-Bold","size":14}},"MSAttributedStringColorAttribute":{"_class":"color","alpha":1,"blue":0.5764705882352941,"green":0.5568627450980392,"red":0.5568627450980392},"textStyleVerticalAlignmentKey":0,"paragraphStyle":{"_class":"paragraphStyle","alignment":2,"allowsDefaultTighteningForTruncation":0},"kerning":0},"verticalAlignment":1},"windingRule":1}},{"_class":"sharedStyle","do_objectID":"5E05DF15-787E-4519-8DEE-06DF2D0FADA7","name":"Button\/Small\/Error","value":{"_class":"style","endMarkerType":0,"miterLimit":10,"startMarkerType":0,"textStyle":{"_class":"textStyle","encodedAttributes":{"MSAttributedStringFontAttribute":{"_class":"fontDescriptor","attributes":{"name":"MarkOT-Bold","size":14}},"MSAttributedStringColorAttribute":{"_class":"color","alpha":1,"blue":0.2509803921568629,"green":0.1607843137254901,"red":0.8627450980392157},"textStyleVerticalAlignmentKey":0,"paragraphStyle":{"_class":"paragraphStyle","alignment":0,"allowsDefaultTighteningForTruncation":0},"kerning":0},"verticalAlignment":1},"windingRule":1}}]},"pages":[{"_class":"MSJSONFileReference","_ref_class":"MSImmutablePage","_ref":"pages\/5E50BF4D-8CAC-4126-AC93-8536E1FD7543"}],"userInfo":{"com.invisionlabs.sync":{"metadata":"{\"hasSynced\":0,\"hasProjectIdChanged\":0,\"projectId\":0,\"publicLink\":\"\",\"resolution\":2,\"syncAll\":1}"}}}