{"commit":"399b83655ed261b257875cf8e762efa1a649509e","pagesAndArtboards":{"5E50BF4D-8CAC-4126-AC93-8536E1FD7543":{"name":"Symbols","artboards":{"4207E684-FB54-42A5-97C6-E5853A6472A0":{"name":"Icon\/Photos\/Active\/"},"40FAA033-C50A-4052-9BEC-E5FE211DABC2":{"name":"Icon\/Location\/Placeholder\/"},"B3F5BE03-2FC3-4AFE-BF27-57A167FB37BD":{"name":"ProfileNavigation"},"19586141-C5E7-4F2F-AB0B-31E1F17E244E":{"name":"Button\/Large\/Disabled\/"},"7872E17D-2C0E-4AAE-8F22-6C1B03C505B6":{"name":"Icon\/Lock\/Inactive\/"},"E57DD21C-95A3-4BFD-AB00-6B204036BA58":{"name":"Icon\/Dropdown\/Collapsed"},"A83D0BF1-C9D7-460F-866B-27D5E3AA31A5":{"name":"Icon\/Payment\/Amex\/"},"CAA1A2AA-6551-421E-AF86-612840ADB362":{"name":"Icon\/Navigation\/Cart\/Active\/"},"3D38B8D3-51C2-480F-8C74-5491DB4EDC64":{"name":"Home\/Location\/Filter\/"},"9CCB4E46-C3D4-4AD9-89E6-937EDB36DF2B":{"name":"Icon\/Flag\/"},"99B62BFF-902F-4500-BBC4-A5936E04B7B2":{"name":"Card"},"3A550EA6-A024-4BEE-81F4-9BBFE9BA2011":{"name":"Icon\/Product\/Inactive\/"},"4040C970-CF3E-4624-9D34-E747014648DD":{"name":"Home\/Search\/"},"60D3E9F4-7E60-4D55-9540-0BC7339D1939":{"name":"Icon\/Carrot\/Light\/"},"B2AC42D8-8471-4740-B609-46EC5EEAA5E3":{"name":"RestaurantNavigation"},"6FAE6DF1-86E5-4BD9-8DB6-47011D3AC0EA":{"name":"Icon\/Product\/Placeholder\/"},"9CA845ED-F7F8-4F4B-BEB4-9FA076D8E774":{"name":"Icon\/Selector\/Inactive\/"},"FE26B799-713B-44F6-A84A-5447C95AD5F6":{"name":"Button\/Small\/Filled\/"},"5B83DC78-7624-4B47-9696-18B085F984AA":{"name":"Icon\/Bookmark\/Active\/"},"88C22BD7-028E-4B58-ACF1-4BF897B29E20":{"name":"Icon\/Payment\/Visa\/"},"7A3357F7-5333-4610-AEF3-A1ED308A3E28":{"name":"Icon\/Comment\/Inactive\/"},"3E922CFB-212B-49E5-A723-B948523B1674":{"name":"Icon\/DineIn\/Inactive\/"},"BECEDE04-87B4-47D2-8637-EE8E1D147EE7":{"name":"Colors"},"B7C55363-A337-418D-B31F-AD98F34BBD96":{"name":"TopNavigation\/Profile\/Icons\/"},"63143766-4779-4DEF-9CB1-F1CDF667808C":{"name":"Icon\/Tag\/"},"6D771B1A-DA92-4FE5-9030-8B28CB0295C1":{"name":"Icon\/Location\/Active\/"},"BC7AC5A1-84CF-471D-B693-63F55EA1A835":{"name":"Icon\/Upvote\/Active\/"},"A4210B97-013C-4216-BD76-982F0022F7BB":{"name":"Icon\/Filter\/Active\/"},"E6F61F68-16F1-4EC0-9E9D-D75BA6C3B2DC":{"name":"TopNavigation\/Filters\/"},"8E717142-671D-42AE-AA2D-127E521244E5":{"name":"TopNavigation\/Profile\/Ellipses\/"},"91861C8E-4FF7-4F51-A7FC-B9949C46C52E":{"name":"Icon\/Upvote\/Triangle\/Inactive\/"},"788DD003-9171-443B-9AE5-DE3B4B3B4AE2":{"name":"Omnipost2"},"301AD39D-4219-4107-A196-713EC6432940":{"name":"Icon\/Give\/Inactive\/"},"E1AD85DE-6902-4048-9E7B-1D982899C929":{"name":"AppIcon\/29px\/"},"C1BE37B5-DE94-4DCC-A71D-B57D7E22025B":{"name":"Icon\/Sort\/Inactive\/"},"258BD1C4-571F-482E-8869-6202D43A4DAF":{"name":"Icon\/Upvote\/Triangle\/Active\/"},"32682C83-3148-4837-BD04-13BCC85A4EB1":{"name":"TopNavigation\/Ellipses\/"},"DFF33A35-20C8-4CDE-8F20-2221FEA604B1":{"name":"Multiselect\/Inactive\/"},"86F2E00D-B326-4FB2-A907-66905F966125":{"name":"Icon\/Navigation\/Notification\/Active\/"},"57C608B1-EDEA-4055-90B9-BC11CD3BBA26":{"name":"Icon\/Filter\/Inactive\/"},"3852DAA8-2527-41FE-8F1C-84D44BFCFD34":{"name":"Button\/Medium\/Filled\/"},"0E06B7AE-BD21-4002-ADE6-0429AF706B5A":{"name":"Icon\/Mention\/Inactive\/"},"EA6B04B7-E159-461C-9BE6-F82878CB05F5":{"name":"Modal\/Large\/"},"8B0733A3-5D36-4531-8007-5A3E30726BD0":{"name":"Icon\/Navigation\/Post\/Inactive\/"},"396D5921-9FBF-4556-B6D2-901754CE0B94":{"name":"Icon\/Close\/Dark\/"},"7605200A-BE52-4FEF-9A27-429EF71C387B":{"name":"Icon\/Dropdown\/Collapsed\/Keyboard\/"},"96AA31C8-4A28-4290-9B05-52AD252559CA":{"name":"Icon\/Restaurant\/Placeholder\/"},"F747CAD7-2D21-4D80-B85F-1C7207169D8B":{"name":"Icon\/Pickup\/Inactive\/"},"C3DEC50F-574E-4FE0-8730-6088B678909E":{"name":"Icon\/Payment\/MasterCard\/"},"37181A1B-3A1E-40EF-9322-95413FDBD769":{"name":"Icon\/Wallet\/Inactive\/"},"3BB7FA83-CA3A-417F-A791-6826A560FDA1":{"name":"Icon\/Cart\/Active\/"},"68C9B4C0-89BC-42B5-B2E0-C3870FC013F1":{"name":"Icon\/Delivery\/Placeholder\/"},"9ABE12EB-4019-40E1-A1E5-48619C47E722":{"name":"NavigationMarch"},"4705D59F-0E96-45E6-A883-1581BA927A15":{"name":"Icon\/Dish\/Placeholder\/"},"94E24ED3-9E83-4468-915A-5B718FAF8D16":{"name":"Icon\/Back\/Light"},"003F0091-C3C5-4B43-9475-D074F7B2EDCD":{"name":"Toggle\/Discover\/"},"612AE25E-7FA2-40A3-A5FE-2F502EA55843":{"name":"Button\/Large\/Ghost\/"},"62F6AFF7-1D40-43F7-8074-303B19783C77":{"name":"Icon\/Recipe\/Placeholder\/"},"F3DF1452-B303-4ADF-A3BA-E99D76D77C08":{"name":"Dividers\/359\/"},"547BAF1F-73FE-4003-AF88-2048C1DDAAB9":{"name":"Icon\/Text\/Inactive\/"},"F7F99F8B-7023-4270-97F2-368277858289":{"name":"Icon\/Dish\/Active\/"},"D7EC2B05-8B5C-43C3-A03E-1D5E15AFA17A":{"name":"Order\/Customizations\/Collapsed\/"},"70668E4F-C94E-44A4-B913-F1175095F377":{"name":"Icon\/QuickMenu\/"},"7B4A3325-838E-42C4-A660-B7278CA148D1":{"name":"Icon\/List\/Ordered\/Inactive\/"},"31D17E2A-5FEF-4E6D-BBBD-A6D4F7FAAD35":{"name":"Ellipsis\/Vertical\/Light\/"},"F48F1C92-52EB-4002-9B1D-62EB545897CD":{"name":"TopNavigation\/Done\/"},"F569229B-BE78-4462-B4B8-4F93AB202891":{"name":"IconText\/Payment\/"},"EFA7684C-9D5D-401B-BBD0-9392BC8BC76F":{"name":"AppIcon\/20px\/"},"39C26378-AB21-44BA-8A44-A25B934C9D1B":{"name":"Toggle\/Feed\/"},"0D3C3D5C-CA39-4411-899C-54A031FD68F3":{"name":"Icon\/Pickup\/Placeholder\/"},"EE6EFC42-E56C-4159-91DF-65C34F31B394":{"name":"Icon\/Post\/Inactive\/"},"CA22E23E-E638-47C7-AD56-909DA0E749DF":{"name":"Icon\/Search\/Clear\/"},"A5D2E0DF-58B1-4011-8767-74E5F68121F6":{"name":"Button\/Large\/Filled\/Icon"},"2CA5D7B6-281B-4923-B541-9599509062FD":{"name":"Typography"},"17C5BA66-5044-4433-8261-F6BE95E1A4F4":{"name":"Modal\/SwipeDown\/"},"E4D5D5C2-C409-4649-A583-02E4EC56107E":{"name":"Dividers\/343\/"},"47138170-8111-4503-A403-691DF42D07C6":{"name":"Icon\/List\/Checks\/Inactive\/"},"5EBA7BD5-0D21-4624-9A14-4082AF13283D":{"name":"Order\/Customizations\/Expanded\/"},"7A70A66E-AC81-45A8-AF94-EFD6266F25BB":{"name":"Icon\/Bookmark\/Inactive\/"},"6EB2FED5-4AB0-48FC-8682-20C47670EE39":{"name":"IconText\/SortBy\/"},"48F55077-D7A0-434D-B0A6-85F1B0CCBF14":{"name":"Icon\/Cart\/Inactive\/"},"4844B5F5-5B5D-4D82-9870-57D18600FA09":{"name":"Icon\/Time\/Inactive\/"},"2C31B214-6CBB-4657-814E-9D5287FC6371":{"name":"Icon\/Dropdown\/Expanded\/Keyboard\/"},"2D177D13-25DF-4E77-98A9-95825E2E5BD2":{"name":"Icon\/Navigation\/Profile\/Active\/"},"8ED5ECCD-A964-45E2-B9AB-7FAF7822D2E8":{"name":"Icon\/Delete\/Active\/"},"E69AF0D6-E384-4584-8EA9-E85BD8540FB6":{"name":"AppIcon\/84px\/"},"9C839189-CB9D-4541-8DC9-1FF278D3ED7F":{"name":"Home\/Location\/"},"14832E29-3C23-4EBE-8996-B49944A32F9D":{"name":"Icon\/Recipe\/Inactive\/"},"6852CBF1-CE80-4633-B4AF-3CE9675CF702":{"name":"Icon\/Search\/Placeholder\/"},"129D9CA0-88CC-4C8E-951A-C658398A0BBD":{"name":"AppIcon\/1024px\/"},"F63E393C-34C3-4158-88B3-B8E7DE5CCDC2":{"name":"Icon\/Photos\/Placeholder\/"},"F8954291-9F70-47D9-8DA4-87B0685829EA":{"name":"Icon\/Restaurant\/Inactive\/"},"1224097B-F6FC-44BC-96CF-D2403A113468":{"name":"Icon\/Post\/Placeholder\/"},"E6EC45FD-C664-4384-9392-4AE4949F8531":{"name":"Search"},"7D380DC2-C289-4E2D-B6A5-DE5370518029":{"name":"Icon\/Navigation\/Cart\/Inactive\/"},"E4F0E7DB-A6CB-406B-85BB-6FF50BCC2E78":{"name":"TopNavigation\/Cancel\/"},"3878542F-0E11-45B9-81F9-FA2B2A7C06EE":{"name":"AppIcon\/76px\/"},"93FF5738-F8AB-460C-8323-88EC95886CDC":{"name":"Button\/Medium\/Ghost\/"},"52728540-3B8E-4D53-9642-0276088F58C4":{"name":"Icon\/Dropdown\/Expanded"},"28453E85-E3CF-4549-B230-7D5C6E9E5DFE":{"name":"Icon\/Mention\/Active\/"},"CE0602B5-E8B8-4223-B84E-550B2A746DA3":{"name":"Icon\/List\/Ordered\/Active\/"},"936836E9-3290-4228-B222-8779E89BDE8C":{"name":"Icon\/Lock\/"},"7A3D0E58-FD75-4690-9270-881E7BF18A8B":{"name":"Icon\/Hashtag\/"},"274C38F2-2A9F-4051-AB08-CB3B163FDC39":{"name":"Icon\/Upvote\/Inactive\/"},"582690B1-D2C6-43DE-BA90-AF544BCDEEBF":{"name":"SelectedToggle"},"7B04F451-18AF-4A5F-833E-975A8227682F":{"name":"Icon\/Search\/Inactive\/"},"72F4E990-2C5E-4A45-89FF-32442B670A7F":{"name":"Icon\/Navigation\/Give\/Inactive\/"},"C55575C8-33E0-4B84-A1A6-21BF7B82B4B6":{"name":"Icon\/Payment\/Discover\/"},"67B0D077-C23A-4A11-89DA-985122FFA463":{"name":"Typography Copy"},"26B41BA9-A0D2-4CF4-92AC-2699484405E5":{"name":"Icon\/List\/Unordered\/Inactive\/"},"28A1A989-9A73-480B-B524-E70A873A86E6":{"name":"Icon\/Selector\/Active\/"},"1D2DFA4C-7331-4CDC-8972-2E3C2E588F05":{"name":"Modal\/Small\/"},"662B3548-591D-451A-BB1D-D73676D66661":{"name":"Hashtag"},"39D81536-AA04-426D-8E29-6C386DC5C2FA":{"name":"DefaultImage"},"168ADD63-BDDB-472B-B65D-0720C9BA83AF":{"name":"Ellipsis\/Vertical\/Dark\/"},"DBFBB592-BB26-4E05-B01D-19258E2E725F":{"name":"Icon\/Delivery\/Inactive\/"},"50C98004-6433-4F2E-AABF-22391EE7DF34":{"name":"Icon\/Text\/Active\/"},"228CEBDA-4F17-4EE9-AE5F-F091C5D388F5":{"name":"Icon\/Dish\/Inactive\/"},"A5957581-0580-4D3B-97CB-C7AEE4164A38":{"name":"Filters\/Active\/"},"ACE5D54B-138D-4EE7-8B6D-59492E15EFDA":{"name":"Dividers\/375\/"},"98BEBE64-E7C2-4830-A68A-13BE9A1F1A51":{"name":"Icon\/Navigation\/Profile\/Inactive\/"},"114754E8-2365-4095-9A49-4789B6A5780A":{"name":"Filters\/Inactive\/"},"3D0AE11E-CAB9-440D-B28B-9E52727780A8":{"name":"SeedIncrease"},"DD5BA24F-99AA-4DD5-BC78-777C51E3B604":{"name":"Icon\/List\/Unordered\/Active\/"},"0A3571EB-8C3E-49BE-A97E-DA1B42030357":{"name":"Icon\/Profile\/Placeholder\/"},"67C77694-F462-4E9D-901D-49DB560AFCBC":{"name":"Icon\/Home\/Inactive\/"},"1AF5C3B9-3636-4C91-8756-B4FFFE22DE3F":{"name":"Icon\/Mention\/"},"93395316-19E9-435D-9832-575A599C76EA":{"name":"AppIcon\/60px\/"},"69C4F09B-5BD6-45C0-9E11-D5186E54C206":{"name":"Icon\/Settings\/Inactive\/"},"81A56B71-C874-4B57-B23A-061F801F6643":{"name":"User\/Profile Icon\/Dark"},"2E15E85A-E1B1-4994-882B-32D505532A86":{"name":"Navigation"},"41760080-59A9-429D-A47E-03E54E0CAB14":{"name":"Icon\/Orders\/Inactive\/"},"D92CEF4F-C7F0-4553-B14A-3CB6810186D7":{"name":"Button\/Medium\/Disabled\/"},"401D968B-EECD-4E72-B271-B2C26BF05B34":{"name":"Icon\/Photos\/Inactive\/"},"FDBE98DD-E63A-4D3A-824E-7DB08F75242B":{"name":"Icon\/Navigation\/Home\/Inactive\/"},"62CB6970-79A7-42E3-93D3-DFD83CC9CC92":{"name":"Button\/Small\/Ghost\/"},"E98D3CA5-5650-4151-AAD3-05238158BE69":{"name":"Icon\/Restaurant\/Active\/"},"4C1C5D1E-CC83-4507-B445-A1803C8F3049":{"name":"Icon\/Close\/Light\/"},"D8E465BD-457E-4FDD-8193-5AC388637E65":{"name":"Omnipost"},"F3B173A3-9F06-45DC-BA36-11ED2906B2F5":{"name":"Icon\/Customization\/"},"3EC76FA6-E7B6-4853-B69C-B76D213E4CED":{"name":"Icon\/Notification\/Inactive\/"},"4FFF3427-0442-4DB8-A7DE-CF8576130A34":{"name":"Icon\/Location\/"},"16E34B83-0562-4C39-992A-1D95070E5B9A":{"name":"Icon\/Share\/"},"AD738288-EE33-46DA-9D25-1111A5B1D2BB":{"name":"Icon\/Edit\/Inactive\/"},"5CE12FBB-76FB-42FB-80ED-EC512BCF1419":{"name":"Icon\/Navigation\/Give\/Active\/"},"DB3D952D-B141-44A1-8303-BDC27332F06A":{"name":"AppIcon\/40px\/"},"CA4CF596-E0BD-44AD-A571-3D87F08B4330":{"name":"Icon\/Navigation\/Notification\/Inactive\/"},"F8872FE4-37AC-4047-998A-F21201D69814":{"name":"Icon\/Delete\/Inactive\/"},"5651DA97-165A-4113-A988-53CE2F559FF3":{"name":"Button\/Large\/Filled\/"},"0AFE5D9A-7A5A-4DD9-9E74-2587106C9F42":{"name":"Filters\/Disabled\/"},"EF91DCC5-86BF-4DDB-9AA5-44131F6BE037":{"name":"Icon\/Hide\/"},"550B0D8B-5569-430D-B87D-552A5A626F3C":{"name":"Icon\/Navigation\/Home\/Active\/"},"7FEB9D1F-22E6-4961-B88C-146DC28D6408":{"name":"Multiselect\/Active\/"},"B8B927F8-9BBC-4CB2-A662-1D9D208B7EA6":{"name":"Filters\/SortBy\/"},"4CB305E7-37FF-4891-AB63-6F57473AFC2A":{"name":"Icon\/Mention\/Inactive\/"},"76F5AA9C-FFCB-4A8C-B131-1DAB1704BB6A":{"name":"Button\/Small\/Disabled\/"},"583F7E45-F379-4965-8555-1BD84D26B6BB":{"name":"Icon\/Navigation\/Post\/Active\/"},"8A265E1C-2ECD-4680-A2A3-40ECEDECFB5E":{"name":"Icon\/Back\/Dark\/"},"9E0F597B-B29A-4954-90BD-0BFE554F17E8":{"name":"Icon\/List\/Placeholder\/"},"849CCCF4-63DD-4CFE-80A1-C7F6CF9EDF02":{"name":"Icon\/Profile\/Inactive\/"}}}},"version":118,"fonts":["MarkOT-Book","MarkOT-Light","MarkOT-Bold","MarkOT","MarkOT-Medium"],"compatibilityVersion":99,"app":"com.bohemiancoding.sketch3","autosaved":0,"variant":"NONAPPSTORE","created":{"commit":"399b83655ed261b257875cf8e762efa1a649509e","appVersion":"54.1","build":76490,"app":"com.bohemiancoding.sketch3","compatibilityVersion":99,"version":118,"variant":"NONAPPSTORE"},"saveHistory":["NONAPPSTORE.76490"],"appVersion":"54.1","build":76490}